"ROW_ID","SUBJECT_ID","HADM_ID","ICUSTAY_ID","CHARTTIME","ITEMID","VALUE","VALUEUOM","STORETIME","CGID","STOPPED","NEWBOTTLE","ISERROR"
252,12345,678910,98765,2335-02-05 11:00:00,40055,180,"ml",2345-01-01 16:13:00,11327,"",,
253,12345,678910,98765,2335-02-05 11:30:00,40055,210,"ml",2345-02-02 16:42:00,11327,"",,
254,12345,678910,98765,2335-02-05 11:00:00,40055,180,"ml",2345-03-03 18:34:00,11327,"",,
255,12345,678910,98765,2335-02-05 22:00:00,40055,350,"ml",2345-04-04 20:13:00,11421,"",,
256,12345,678910,98765,2335-02-05 22:00:00,40055,110,"ml",2345-05-05 21:19:00,11421,"",,
257,12345,678910,98765,2335-02-05 22:00:00,40055,200,"ml",2345-06-06 22:14:00,11421,"",,
258,12345,678910,98765,2335-02-05 22:00:00,40055,200,"ml",2345-07-07 22:53:00,11421,"",,
259,12345,678910,98765,2335-02-06 01:00:00,40055,180,"ml",2345-08-08 00:03:00,11421,"",,
260,12345,678910,98765,2335-02-06 01:00:00,40055,180,"ml",2345-09-09 02:00:00,11421,"",,
